Ref,Val,Package,PosX,PosY,Rot,Side
"J7","Display","3310_display",140.700000,-61.600000,180.000000,bottom
"J10","Speaker pad","3310_earspeaker",140.570000,-50.660000,180.000000,bottom
"SW2",""OK"","3310_key",140.700000,-100.670000,180.000000,bottom
"SW3","~","3310_key",152.900000,-104.500000,-90.000000,bottom
"SW4","~","3310_key",154.690000,-115.670000,-90.000000,bottom
"SW5","~","3310_key",153.420000,-123.890000,-90.000000,bottom
"SW6","~","3310_key",153.650000,-131.640000,-90.000000,bottom
"SW7","~","3310_key",153.180000,-139.660000,0.000000,bottom
"SW8","~","3310_key",133.860000,-107.800000,45.000000,bottom
"SW9","~","3310_key",140.700000,-117.500000,-90.000000,bottom
"SW10","~","3310_key",140.700000,-125.500000,-90.000000,bottom
"SW11","~","3310_key",140.700000,-133.500000,-90.000000,bottom
"SW12","~","3310_key",140.700000,-141.500000,90.000000,bottom
"SW13","~","3310_key",126.840000,-103.000000,0.000000,bottom
"SW14","~","3310_key",126.490000,-115.670000,0.000000,bottom
"SW15","~","3310_key",127.770000,-123.890000,-90.000000,bottom
"SW16","~","3310_key_gap",127.500000,-131.640000,-90.000000,bottom
"SW17","~","3310_key",127.960000,-139.660000,0.000000,bottom
"ANT1","0868AT43A0020E","XCVR_0868AT43A0020E",131.950000,-46.420000,90.000000,top
"ANT2","2450AT42E0100001E","2450AT42E0100001E",159.300000,-84.930000,90.000000,top
"BT2","ML414H-IV01E","ML414H",146.510000,-84.590000,0.000000,top
"C1","100nF","C_0201_0603Metric",147.347540,-76.040000,180.000000,top
"C2","0.1u","C_0201_0603Metric",128.560000,-77.080000,-90.000000,top
"C3","4.7u","C_0402_1005Metric",121.000000,-71.000000,90.000000,top
"C4","0.1u","C_0201_0603Metric",131.520000,-77.070000,-90.000000,top
"C5","100n","C_0201_0603Metric",130.240000,-88.000000,0.000000,top
"C6","22uF/10V","C_0805_2012Metric",133.650000,-88.000000,0.000000,top
"C7","22uF/10V","C_0805_2012Metric",135.300000,-85.100000,0.000000,top
"C8","4.7u","C_0402_1005Metric",133.600000,-73.300000,90.000000,top
"C9","1uF","C_0603_1608Metric",149.820000,-60.960000,-90.000000,top
"C10","0.1u","C_0201_0603Metric",126.320000,-77.080000,-90.000000,top
"C11","15p","C_0201_0603Metric",130.650000,-58.700000,-90.000000,top
"C12","0.1u","C_0201_0603Metric",128.300000,-63.330000,0.000000,top
"C13","100nF","C_0201_0603Metric",121.700000,-62.200000,90.000000,top
"C14","100n","C_0201_0603Metric",134.960000,-132.550000,0.000000,top
"C15","33pF","C_0201_0603Metric",134.955000,-133.300000,180.000000,top
"C16","10uF/10V","C_0603_1608Metric",146.300000,-60.345000,-90.000000,top
"C17","22uF/6.3V","C_0603_1608Metric",135.090000,-60.322500,-90.000000,top
"C18","100n","C_0201_0603Metric",147.225000,-47.840000,180.000000,top
"C19","470nF","C_0201_0603Metric",157.059999,-58.440001,90.000000,top
"C20","10uF/10V","C_0603_1608Metric",145.050000,-47.200000,0.000000,top
"C21","100n","C_0201_0603Metric",149.955000,-49.190000,180.000000,top
"C22","15pF","C_0201_0603Metric",157.847539,-70.400000,0.000000,top
"C26","15p","C_0201_0603Metric",129.310000,-77.080000,-90.000000,top
"C27","100n","C_0201_0603Metric",146.180000,-70.780000,90.000000,top
"C28","47uF/6.3V","C_0805_2012Metric",132.150000,-78.750000,0.000000,top
"C29","15pF","C_0201_0603Metric",156.377540,-70.389999,180.000000,top
"C30","2.0pF","C_0201_0603Metric",159.290000,-79.000000,180.000000,top
"C31","12pF","C_0201_0603Metric",145.337540,-72.290000,-90.000000,top
"C32","12pF","C_0201_0603Metric",145.337540,-74.890000,90.000000,top
"C33","0.1u","C_0201_0603Metric",121.080000,-66.080000,90.000000,top
"C34","100nF","C_0201_0603Metric",155.609000,-80.559999,-90.000000,top
"C35","2.2uF","C_0402_1005Metric",148.300000,-80.750000,-90.000000,top
"C36","1uF","C_0402_1005Metric",159.000000,-72.399999,90.000000,top
"C37","2.2uF","C_0402_1005Metric",149.250000,-70.350000,0.000000,top
"C38","47nF","C_0201_0603Metric",151.267540,-70.060000,90.000000,top
"C39","2.2uF","C_0402_1005Metric",155.200000,-69.870000,90.000000,top
"C40","2.2uF","C_0402_1005Metric",156.900000,-80.610000,0.000000,top
"C41","100nF","C_0201_0603Metric",147.327540,-71.150000,0.000000,top
"C43","0.1u","C_0201_0603Metric",133.199999,-59.200000,-90.000000,top
"C45","100pF","C_0201_0603Metric",157.847540,-71.360000,180.000000,top
"C46","820pF","C_0201_0603Metric",157.847540,-74.720000,180.000000,top
"C47","2.2uF","C_0402_1005Metric",147.350000,-80.750000,90.000000,top
"C50","2.2uF","C_0402_1005Metric",146.400000,-80.750000,90.000000,top
"C58","100nF","C_0201_0603Metric",153.780000,-69.870000,90.000000,top
"C69","100nF","C_0201_0603Metric",156.799999,-55.000001,-90.000000,top
"C70","10pF","C_0201_0603Metric",151.250001,-60.581863,90.000000,top
"C71","10pF","C_0201_0603Metric",155.639999,-60.581862,-90.000000,top
"C75","1.8pF","C_0201_0603Metric",148.670000,-55.010000,0.000000,top
"C76","47nF","C_0201_0603Metric",149.810000,-58.050000,-90.000000,top
"C77","47pF","C_0201_0603Metric",149.050000,-58.050000,-90.000000,top
"C78","2.4pF","C_0201_0603Metric",148.670000,-55.740001,0.000000,top
"C81","3pF","C_0201_0603Metric",146.425000,-56.940000,180.000000,top
"C82","5.6pF","C_0201_0603Metric",145.320000,-57.250000,-90.000000,top
"C83","39pF","C_0201_0603Metric",144.220000,-56.920000,180.000000,top
"C84","1.8pF","C_0201_0603Metric",141.650000,-57.260000,-90.000000,top
"C85","1nF","C_0201_0603Metric",139.400000,-57.540000,0.000000,top
"C86","1nF","C_0201_0603Metric",138.950000,-53.650000,180.000000,top
"C87","3.6pF","C_0201_0603Metric",131.650000,-54.300000,180.000000,top
"C88","3.6pF","C_0201_0603Metric",131.650000,-52.050000,180.000000,top
"C89","1uF/25V","C_0603_1608Metric",121.150000,-79.700000,90.000000,top
"C90","4.7uF/10V","C_0603_1608Metric",120.950000,-82.800000,90.000000,top
"C91","4.7uF/10V","C_0603_1608Metric",123.200000,-84.800000,0.000000,top
"C92","10uF/10V","C_0603_1608Metric",132.800000,-85.100000,90.000000,top
"D1","SP0504BAHT","SOT-23-5",139.370000,-131.487500,0.000000,top
"D4","BAT60A","D_SOD-323",127.360000,-125.340000,0.000000,top
"D5","RED","3310_led",125.100000,-98.100000,90.000000,top
"D6","RED","3310_led",136.400000,-98.100000,90.000000,top
"D7","RED","3310_led",145.000000,-98.100000,90.000000,top
"D8","BAT60A","D_SOD-323",154.330000,-131.620000,90.000000,top
"D9","RED","3310_led",156.200000,-98.100000,90.000000,top
"D10","RED","3310_led",132.800000,-124.000000,90.000000,top
"D11","RED","3310_led",148.500000,-124.000000,90.000000,top
"D12","RED","3310_led",132.800000,-137.000000,90.000000,top
"D13","RED","3310_led",148.500000,-137.000000,90.000000,top
"D17","BAT60A","D_SOD-323",134.075000,-82.570000,180.000000,top
"FB1","120R@100MHz 1A","L_0603_1608Metric",123.750000,-77.080000,0.000000,top
"H1","~","2mm_mounting_hole_sig",127.000000,-146.000000,0.000000,top
"H2","~","2mm_mounting_hole_sig",154.800000,-146.000000,0.000000,top
"H3","~","2mm_mounting_hole_sig",122.000000,-126.230000,0.000000,top
"H4","~","2mm_mounting_hole_sig",159.500000,-126.200000,0.000000,top
"H5","~","2mm_mounting_hole_sig",134.570000,-64.000000,0.000000,top
"H6","~","2mm_mounting_hole_sig",123.750000,-47.910000,0.000000,top
"H7","~","2mm_mounting_hole_sig",157.650000,-47.910000,0.000000,top
"J2","Mic pad","3310_mic",132.250000,-146.290000,0.000000,top
"J3","Sim/Pad","3310_sim",139.370000,-131.400000,0.000000,top
"J4","Conn_01x05_Pin","3310_dc",147.690000,-143.220000,0.000000,top
"J5","Vibrator pad","3310_vibrator",127.500000,-130.600000,0.000000,top
"J6","Buzzer pad","3310_buzzer",156.650000,-133.600000,0.000000,top
"J8","LTE antenne: U.FL -> flexantenne (bv. Taoglas FXUB63)","U.FL_Hirose_U.FL-R-SMT-1_Vertical",127.335000,-54.775000,90.000000,top
"J9","Battery","3310_batt",143.950000,-65.160000,0.000000,top
"J11","GNSS antenne (U.FL)","U.FL_Hirose_U.FL-R-SMT-1_Vertical",128.600000,-60.400000,180.000000,top
"L1","3.3nH","L_0201_0603Metric",159.290000,-78.240000,180.000000,top
"L2","1u5","L_1210_3225Metric",129.797500,-81.780000,0.000000,top
"L3","15uH","L_0603_1608Metric",158.350000,-55.400000,90.000000,top
"L4","1.5nH","L_0201_0603Metric",159.290000,-79.760000,180.000000,top
"L5","10uH","L_0603_1608Metric",149.750000,-68.610000,0.000000,top
"L6","15nH","L_0201_0603Metric",150.507540,-70.060000,90.000000,top
"L13","15nH","L_0201_0603Metric",149.780000,-55.390000,-90.000000,top
"L15","0","L_0201_0603Metric",149.440000,-56.930000,180.000000,top
"L16","47nH","L_0201_0603Metric",148.290000,-57.260000,90.000000,top
"L17","2.5nH","L_0201_0603Metric",146.425000,-57.700000,180.000000,top
"L18","4.7nH","L_0201_0603Metric",142.760000,-56.910000,180.000000,top
"L19","8.2nH","L_0201_0603Metric",131.955000,-53.180000,90.000000,top
"Q1","BC847","SOT-23",132.070000,-131.720000,180.000000,top
"Q4","BSS138","SOT-23",132.070000,-128.150000,180.000000,top
"Q5","BSS138","SOT-23",127.455000,-118.811000,180.000000,top
"Q6","IRLML6401","SOT-23",127.455000,-122.367000,0.000000,top
"Q7","BSS138","SOT-23",151.442500,-131.290000,-90.000000,top
"R3","0","R_0201_0603Metric",157.847540,-73.960000,180.000000,top
"R4","1k","R_0201_0603Metric",122.720000,-79.310000,0.000000,top
"R5","1.8k","R_0201_0603Metric",122.105000,-81.890000,-90.000000,top
"R6","0R","R_0201_0603Metric",137.470000,-55.210000,180.000000,top
"R7","10k","R_0201_0603Metric",122.720000,-83.680000,0.000000,top
"R8","33R","R_0201_0603Metric",140.700000,-96.970000,90.000000,top
"R9","2.2k","R_0201_0603Metric",134.950000,-130.290000,0.000000,top
"R11","10k","R_0201_0603Metric",125.075000,-78.930000,180.000000,top
"R12","10k","R_0201_0603Metric",127.070000,-77.080000,90.000000,top
"R13","1k","R_0201_0603Metric",125.580000,-77.080000,90.000000,top
"R14","1M","R_0201_0603Metric",126.900000,-63.330000,0.000000,top
"R15","100k","R_0201_0603Metric",134.750000,-128.750000,-90.000000,top
"R16","56R","R_0201_0603Metric",130.660000,-119.410000,90.000000,top
"R17","100k","R_0201_0603Metric",129.890000,-119.410000,-90.000000,top
"R18","47k","R_0201_0603Metric",124.900000,-123.020000,-90.000000,top
"R19","150R","R_0201_0603Metric",125.600000,-95.210000,180.000000,top
"R20","100k","R_0201_0603Metric",152.050000,-128.590000,0.000000,top
"R21","150R","R_0201_0603Metric",136.930000,-95.140000,180.000000,top
"R22","150R","R_0201_0603Metric",145.490000,-95.120000,180.000000,top
"R23","150R","R_0201_0603Metric",155.710000,-95.220000,0.000000,top
"R24","150R","R_0201_0603Metric",132.300000,-121.080000,0.000000,top
"R25","150R","R_0201_0603Metric",148.000000,-121.090000,0.000000,top
"R26","150R","R_0201_0603Metric",133.060000,-134.040000,180.000000,top
"R27","150R","R_0201_0603Metric",148.060000,-134.060000,0.000000,top
"R29","1k","R_0201_0603Metric",147.350000,-77.980000,180.000000,top
"R30","10k","R_0201_0603Metric",134.950000,-131.040000,0.000000,top
"R31","47k","R_0201_0603Metric",156.240000,-107.240000,90.000000,top
"R32","47k","R_0201_0603Metric",156.650000,-119.480000,90.000000,top
"R33","47k","R_0201_0603Metric",156.020000,-127.370000,90.000000,top
"R34","47k","R_0201_0603Metric",158.750000,-134.330000,90.000000,top
"R35","47k","R_0201_0603Metric",156.650000,-139.930000,90.000000,top
"R36","220k","R_0201_0603Metric",134.950000,-131.800000,180.000000,top
"R37","100k","R_0201_0603Metric",149.950000,-48.440000,180.000000,top
"R38","0","R_0201_0603Metric",149.600000,-50.295000,90.000000,top
"R44","100","R_0201_0603Metric",139.400000,-56.780000,180.000000,top
"R45","100","R_0201_0603Metric",140.410000,-53.650000,180.000000,top
"R51","100k","R_0201_0603Metric",125.770000,-88.000000,180.000000,top
"R52","1k","R_0201_0603Metric",134.975000,-81.220000,0.000000,top
"R57","0","R_0201_0603Metric",151.497540,-80.560000,-90.000000,top
"R58","0","R_0201_0603Metric",150.737540,-80.560000,-90.000000,top
"R59","47k","R_0201_0603Metric",144.660000,-70.780000,90.000000,top
"R60","47k","R_0201_0603Metric",145.420000,-70.780000,90.000000,top
"R61","0R","R_0201_0603Metric",136.800000,-63.500000,90.000000,top
"RF3","A-IPEX1-1.25A","IPEX-SMD_3P-L2.6-W2.6-LS3.0_RF1200001R",159.210000,-75.760000,0.000000,top
"RF4","A-IPEX1-1.25A","IPEX-SMD_3P-L2.6-W2.6-LS3.0_RF1200001R",135.030000,-55.190000,-90.000000,top
"SW18","POWER ON/OFF","SIDE PUSH 2.2NF 4.7x3.2x1.65mm",147.220000,-44.680000,180.000000,top
"U1","TPE4259-63","SOT-363-6_L2.0-W1.3-P0.65-LS2.1-BL",139.870000,-55.210000,90.000000,top
"U2","MX25R1635FZUIH0","Winbond_USON-8-1EP_3x2mm_P0.5mm_EP0.2x1.6mm",124.180000,-61.850000,0.000000,top
"U3","BQ24074RGT","VQFN-16-1EP_3x3mm_P0.5mm_EP1.6x1.6mm",124.647500,-81.460000,90.000000,top
"U4","MX25R1635FZNIH0","SON127P500X600X80-9N",154.150000,-84.962501,-90.000000,top
"U5","MAX98357A","TQFN-16-1EP_3x3mm_P0.5mm_EP1.23x1.23mm",147.100000,-50.340000,180.000000,top
"U7","USBLC6-2P6","SOT-666",150.267500,-82.840000,-90.000000,top
"U8","SKY65723-81","SKY65723-81",131.900000,-60.200000,180.000000,top
"U9","MAX16054","TSOT-23-6",126.747500,-85.479999,0.000000,top
"U10","SX1262IMLTRT","QFN-24_L4.0-W4.0-P0.50-BL-EP2.6",153.249999,-55.980000,0.000000,top
"U12","nRF9151-LAXX","XCVR_NRF9151-LACA-R7",127.279999,-70.020000,90.000000,top
"U13","NRF52840-QIAA-R","XCVR_NRF52840-QIAA-R",152.600000,-75.310000,0.000000,top
"U14","TPS63031DSK","WSON-10-1EP_2.5x2.5mm_P0.5mm_EP1.2x2mm",130.537500,-85.479999,-90.000000,top
"X1","S201632M10PF10PPM 32MHz","CRYSTAL-SMD_4P-L2.0-W1.6-BL",153.470001,-60.581863,0.000000,top
"X2","S201632M10PF10PPM 32MHz","CRYSTAL-SMD_4P-L2.0-W1.6-BL",157.377540,-68.480000,0.000000,top
"X4","32.768KHz","Crystal_SMD_3215-2Pin_3.2x1.5mm",146.897540,-73.590705,90.000000,top
