"Comment","Designator","Footprint","LCSC"
"0868AT43A0020E","ANT1","mesh3310_footprints:XCVR_0868AT43A0020E","C3284550"
"2450AT42E0100001E","ANT2","mesh3310_footprints:2450AT42E0100001E","C17605137"
"1uF","C9","Capacitor_SMD:C_0603_1608Metric","C15849"
"33pF","C15","Capacitor_SMD:C_0201_0603Metric","C384825"
"22uF/6.3V","C17","Capacitor_SMD:C_0603_1608Metric","C59461"
"470nF","C19","Capacitor_SMD:C_0201_0603Metric","C7393835"
"47uF/6.3V","C28","Capacitor_SMD:C_0805_2012Metric","C16780"
"2.0pF","C30","Capacitor_SMD:C_0201_0603Metric","C301906"
"1uF","C36","Capacitor_SMD:C_0402_1005Metric","C52923"
"100pF","C45","Capacitor_SMD:C_0201_0603Metric","C62550"
"820pF","C46","Capacitor_SMD:C_0201_0603Metric","C18164584"
"47pF","C77","Capacitor_SMD:C_0201_0603Metric","C881877"
"2.4pF","C78","Capacitor_SMD:C_0201_0603Metric","C1853504"
"3pF","C81","Capacitor_SMD:C_0201_0603Metric","C501815"
"5.6pF","C82","Capacitor_SMD:C_0201_0603Metric","C526923"
"39pF","C83","Capacitor_SMD:C_0201_0603Metric","C285092"
"1uF/25V","C89","Capacitor_SMD:C_0603_1608Metric","C15849"
"100nF","C1,C13,C34,C41,C58,C69","Capacitor_SMD:C_0201_0603Metric","C408130"
"15p","C11,C26","Capacitor_SMD:C_0201_0603Metric","C5142550"
"10uF/10V","C16,C20,C92","Capacitor_SMD:C_0603_1608Metric","C19702"
"0.1u","C2,C4,C10,C12,C33,C43","Capacitor_SMD:C_0201_0603Metric","C408130"
"15pF","C22,C29","Capacitor_SMD:C_0201_0603Metric","C5142550"
"4.7u","C3,C8","Capacitor_SMD:C_0402_1005Metric","C23733"
"12pF","C31,C32","Capacitor_SMD:C_0201_0603Metric","C50391"
"2.2uF","C35,C37,C39,C40,C47,C50","Capacitor_SMD:C_0402_1005Metric","C107370"
"47nF","C38,C76","Capacitor_SMD:C_0201_0603Metric","C301920"
"100n","C5,C14,C18,C21,C27","Capacitor_SMD:C_0201_0603Metric","C408130"
"22uF/10V","C6,C7","Capacitor_SMD:C_0805_2012Metric","C45783"
"10pF","C70,C71","Capacitor_SMD:C_0201_0603Metric","C387913"
"1.8pF","C75,C84","Capacitor_SMD:C_0201_0603Metric","C22374841"
"1nF","C85,C86","Capacitor_SMD:C_0201_0603Metric","C66942"
"3.6pF","C87,C88","Capacitor_SMD:C_0201_0603Metric","C301911"
"4.7uF/10V","C90,C91","Capacitor_SMD:C_0603_1608Metric","C19666"
"SP0504BAHT","D1","Package_TO_SOT_SMD:SOT-23-5","C19829475"
"BAT60A","D4,D8,D17","Diode_SMD:D_SOD-323","C5355496"
"RED","D5,D6,D7,D9,D10,D11,D12,D13","mesh3310_footprints:3310_led","C2827254"
"120R@100MHz 1A","FB1","Inductor_SMD:L_0603_1608Metric","C14709"
"Sim/Pad","J3","mesh3310_footprints:3310_sim",""
"Conn_01x05_Pin","J4","mesh3310_footprints:3310_dc",""
"LTE antenne: U.FL -> flexantenne (bv. Taoglas FXUB63)","J8","Connector_Coaxial:U.FL_Hirose_U.FL-R-SMT-1_Vertical","C88374"
"GNSS antenne (U.FL)","J11","Connector_Coaxial:U.FL_Hirose_U.FL-R-SMT-1_Vertical","C88374"
"3.3nH","L1","Inductor_SMD:L_0201_0603Metric","C42144"
"1u5","L2","Inductor_SMD:L_1210_3225Metric","C113080"
"15uH","L3","Inductor_SMD:L_0603_1608Metric","C486329"
"1.5nH","L4","Inductor_SMD:L_0201_0603Metric","C54929554"
"10uH","L5","Inductor_SMD:L_0603_1608Metric","C1035"
"0","L15","Inductor_SMD:L_0201_0603Metric","C473473"
"47nH","L16","Inductor_SMD:L_0201_0603Metric","C46607399"
"2.5nH","L17","Inductor_SMD:L_0201_0603Metric","C52109745"
"4.7nH","L18","Inductor_SMD:L_0201_0603Metric","C52109761"
"8.2nH","L19","Inductor_SMD:L_0201_0603Metric","C52109772"
"15nH","L6,L13","Inductor_SMD:L_0201_0603Metric","C52109780"
"BC847","Q1","Package_TO_SOT_SMD:SOT-23","C57668"
"IRLML6401","Q6","Package_TO_SOT_SMD:SOT-23","C22363750"
"BSS138","Q4,Q5,Q7","Package_TO_SOT_SMD:SOT-23","C518792"
"1.8k","R5","Resistor_SMD:R_0201_0603Metric","C473538"
"33R","R8","Resistor_SMD:R_0201_0603Metric","C423356"
"2.2k","R9","Resistor_SMD:R_0201_0603Metric","C171950"
"1M","R14","Resistor_SMD:R_0201_0603Metric","C473450"
"56R","R16","Resistor_SMD:R_0201_0603Metric","C49654370"
"220k","R36","Resistor_SMD:R_0201_0603Metric","C49653410"
"100k","R15,R17,R20,R37,R51","Resistor_SMD:R_0201_0603Metric","C3152012"
"47k","R18,R31,R32,R33,R34,R35,R59,R60","Resistor_SMD:R_0201_0603Metric","C304544"
"150R","R19,R21,R22,R23,R24,R25,R26,R27","Resistor_SMD:R_0201_0603Metric","C49653085"
"0","R3,R38,R57,R58","Resistor_SMD:R_0201_0603Metric","C473473"
"1k","R4,R13,R29,R52","Resistor_SMD:R_0201_0603Metric","C3152043"
"100","R44,R45","Resistor_SMD:R_0201_0603Metric","C3152013"
"0R","R6,R61","Resistor_SMD:R_0201_0603Metric","C473473"
"10k","R7,R11,R12,R30","Resistor_SMD:R_0201_0603Metric","C3152038"
"A-IPEX1-1.25A","RF3,RF4","mesh3310_footprints:IPEX-SMD_3P-L2.6-W2.6-LS3.0_RF1200001R","C22467595"
"POWER ON/OFF","SW18","mesh3310_footprints:SIDE PUSH 2.2NF 4.7x3.2x1.65mm","C128539"
"VBUS","TP9","TestPoint:TestPoint_Pad_D2.0mm",""
"GND","TP10","TestPoint:TestPoint_Pad_D2.0mm",""
"USB_D-","TP11","TestPoint:TestPoint_Pad_D2.0mm",""
"USB_D+","TP12","TestPoint:TestPoint_Pad_D2.0mm",""
"TPE4259-63","U1","mesh3310_footprints:SOT-363-6_L2.0-W1.3-P0.65-LS2.1-BL","C47117600"
"MX25R1635FZUIH0","U2","Package_SON:Winbond_USON-8-1EP_3x2mm_P0.5mm_EP0.2x1.6mm","C5687033"
"BQ24074RGT","U3","Package_DFN_QFN:VQFN-16-1EP_3x3mm_P0.5mm_EP1.6x1.6mm","C54313"
"MX25R1635FZNIH0","U4","mesh3310_footprints:SON127P500X600X80-9N","C6930062"
"MAX98357A","U5","Package_DFN_QFN:TQFN-16-1EP_3x3mm_P0.5mm_EP1.23x1.23mm","C910544"
"USBLC6-2P6","U7","Package_TO_SOT_SMD:SOT-666","C22390016"
"SKY65723-81","U8","mesh3310_footprints:SKY65723-81","C2654196"
"MAX16054","U9","Package_TO_SOT_SMD:TSOT-23-6","C79401"
"SX1262IMLTRT","U10","mesh3310_footprints:QFN-24_L4.0-W4.0-P0.50-BL-EP2.6","C191341"
"nRF9151-LAXX","U12","mesh3310_footprints:XCVR_NRF9151-LACA-R7","C42236596"
"NRF52840-QIAA-R","U13","mesh3310_footprints:XCVR_NRF52840-QIAA-R","C190794"
"TPS63031DSK","U14","Package_SON:WSON-10-1EP_2.5x2.5mm_P0.5mm_EP1.2x2mm","C15516"
"32.768KHz","X4","Crystal:Crystal_SMD_3215-2Pin_3.2x1.5mm","C97605"
"S201632M10PF10PPM 32MHz","X1,X2","mesh3310_footprints:CRYSTAL-SMD_4P-L2.0-W1.6-BL","C7420782"
